,Species,Age,Relab
0,Faecalibacterium prausnitzii,18,27.609057613808712
1,Faecalibacterium prausnitzii,19,25.26585061791603
2,Faecalibacterium prausnitzii,20,25.729870384664032
3,Faecalibacterium prausnitzii,21,22.876236689247108
4,Faecalibacterium prausnitzii,22,26.8826090662817
5,Faecalibacterium prausnitzii,23,29.142075104753722
6,Faecalibacterium prausnitzii,24,24.6416161447518
7,Faecalibacterium prausnitzii,25,33.15971042328433
8,Faecalibacterium prausnitzii,26,30.4676544713904
9,Faecalibacterium prausnitzii,27,30.349862635951823
10,Faecalibacterium prausnitzii,28,32.10678490362176
11,Faecalibacterium prausnitzii,29,41.55834038820117
12,Faecalibacterium prausnitzii,30,45.57836564434566
13,Faecalibacterium prausnitzii,31,33.02615883126693
14,Faecalibacterium prausnitzii,32,26.745570381106198
15,Faecalibacterium prausnitzii,33,33.878162189064895
16,Faecalibacterium prausnitzii,34,37.1180407088168
17,Faecalibacterium prausnitzii,35,36.46601237551015
18,Faecalibacterium prausnitzii,36,32.918516437671286
19,Faecalibacterium prausnitzii,37,36.69369859302508
20,Faecalibacterium prausnitzii,38,25.73285974137055
21,Faecalibacterium prausnitzii,39,32.21178901364439
22,Faecalibacterium prausnitzii,40,34.07565101912313
23,Faecalibacterium prausnitzii,41,33.75079646524548
24,Faecalibacterium prausnitzii,42,22.76826755578976
25,Faecalibacterium prausnitzii,43,31.989953276262494
26,Faecalibacterium prausnitzii,44,29.367833958824207
27,Faecalibacterium prausnitzii,45,32.52043857861891
28,Faecalibacterium prausnitzii,46,29.15733855797178
29,Faecalibacterium prausnitzii,47,27.70221349928073
30,Faecalibacterium prausnitzii,48,27.23347533856125
31,Faecalibacterium prausnitzii,49,27.95668329354102
32,Faecalibacterium prausnitzii,50,27.14547116738965
33,Faecalibacterium prausnitzii,51,24.30235961040181
34,Faecalibacterium prausnitzii,52,28.568566552309665
35,Faecalibacterium prausnitzii,53,27.651679247860162
36,Faecalibacterium prausnitzii,54,25.26069981219729
37,Faecalibacterium prausnitzii,55,32.18094021716201
38,Faecalibacterium prausnitzii,56,31.87999552607353
39,Faecalibacterium prausnitzii,57,28.923007717005795
40,Faecalibacterium prausnitzii,58,31.465998846718808
41,Faecalibacterium prausnitzii,59,19.83361301390617
42,Faecalibacterium prausnitzii,60,25.74140812543681
43,Faecalibacterium prausnitzii,61,25.679809923672046
44,Faecalibacterium prausnitzii,62,17.833175684082363
45,Faecalibacterium prausnitzii,63,25.09899414466511
46,Faecalibacterium prausnitzii,64,22.16298082512767
47,Faecalibacterium prausnitzii,65,24.241129328017
48,Faecalibacterium prausnitzii,66,28.841916176374326
49,Faecalibacterium prausnitzii,67,24.238240936435275
50,Faecalibacterium prausnitzii,68,29.49903761478617
51,Faecalibacterium prausnitzii,69,23.417851946905333
52,Faecalibacterium prausnitzii,70,27.25508130527883
53,Faecalibacterium prausnitzii,71,27.976735285408854
54,Faecalibacterium prausnitzii,72,21.991546591974313
55,Faecalibacterium prausnitzii,73,38.33948667531272
56,Faecalibacterium prausnitzii,74,22.711197168258355
57,Faecalibacterium prausnitzii,75,44.839403543817994
58,Faecalibacterium prausnitzii,76,25.490955797301996
59,Faecalibacterium prausnitzii,77,43.656030087306384
60,Faecalibacterium prausnitzii,78,40.006376005814914
61,Faecalibacterium prausnitzii,79,21.126672926137978
62,Faecalibacterium prausnitzii,80,30.590627687929413
63,Faecalibacterium prausnitzii,81,16.928578163287145
64,Faecalibacterium prausnitzii,82,31.569730653809298
65,Faecalibacterium prausnitzii,83,17.96866238594897
66,Faecalibacterium prausnitzii,84,37.2590043813852
67,Faecalibacterium prausnitzii,85,0.587844712012348
68,Faecalibacterium prausnitzii,86,5.649241967187586
69,Faecalibacterium prausnitzii,87,13.096415625284195
70,Faecalibacterium prausnitzii,88,0.9210729824307876
71,Faecalibacterium prausnitzii,89,11.682130890011841
72,Faecalibacterium prausnitzii,90,12.86356390957163
73,Faecalibacterium prausnitzii,91,0.0
74,Faecalibacterium prausnitzii,107,9.789483479482824
75,Bacteroides uniformis,18,4.022137536364427
76,Bacteroides uniformis,19,12.788900196883993
77,Bacteroides uniformis,20,6.784501919318905
78,Bacteroides uniformis,21,16.948586942954726
79,Bacteroides uniformis,22,7.604665657752127
80,Bacteroides uniformis,23,21.152526880785672
81,Bacteroides uniformis,24,15.661410996212155
82,Bacteroides uniformis,25,8.843096697938982
83,Bacteroides uniformis,26,18.865561401836146
84,Bacteroides uniformis,27,12.523293039694142
85,Bacteroides uniformis,28,15.049430504716005
86,Bacteroides uniformis,29,11.077740856728987
87,Bacteroides uniformis,30,3.8573060675032993
88,Bacteroides uniformis,31,10.960751545059745
89,Bacteroides uniformis,32,18.18808437007137
90,Bacteroides uniformis,33,11.974672943604146
91,Bacteroides uniformis,34,6.991942879744877
92,Bacteroides uniformis,35,7.330077089850537
93,Bacteroides uniformis,36,6.505609090924293
94,Bacteroides uniformis,37,14.185315679342555
95,Bacteroides uniformis,38,23.026082917302674
96,Bacteroides uniformis,39,8.30045323318717
97,Bacteroides uniformis,40,7.5625871112577
98,Bacteroides uniformis,41,11.589136094731039
99,Bacteroides uniformis,42,15.323156942988586
100,Bacteroides uniformis,43,17.70481982195028
101,Bacteroides uniformis,44,16.352984960769305
102,Bacteroides uniformis,45,10.903342162255978
103,Bacteroides uniformis,46,13.10124226980956
104,Bacteroides uniformis,47,15.561376490318994
105,Bacteroides uniformis,48,10.53882019530303
106,Bacteroides uniformis,49,14.392317836221844
107,Bacteroides uniformis,50,18.694187416531268
108,Bacteroides uniformis,51,19.118949396095303
109,Bacteroides uniformis,52,13.386320910004503
110,Bacteroides uniformis,53,10.84794528016189
111,Bacteroides uniformis,54,14.990033277321999
112,Bacteroides uniformis,55,10.439271728666384
113,Bacteroides uniformis,56,13.325245850863384
114,Bacteroides uniformis,57,14.857274188938465
115,Bacteroides uniformis,58,16.310272592525514
116,Bacteroides uniformis,59,15.145171295628057
117,Bacteroides uniformis,60,13.076969825883497
118,Bacteroides uniformis,61,18.87531255728055
119,Bacteroides uniformis,62,22.29887486848825
120,Bacteroides uniformis,63,23.24192200730792
121,Bacteroides uniformis,64,15.543949496033555
122,Bacteroides uniformis,65,14.750026544758372
123,Bacteroides uniformis,66,21.12192876830739
124,Bacteroides uniformis,67,19.065743042920175
125,Bacteroides uniformis,68,15.910788336089688
126,Bacteroides uniformis,69,13.307069335617811
127,Bacteroides uniformis,70,12.87519295996665
128,Bacteroides uniformis,71,14.098996458883784
129,Bacteroides uniformis,72,24.660712982660975
130,Bacteroides uniformis,73,10.763816257373552
131,Bacteroides uniformis,74,25.3711468981251
132,Bacteroides uniformis,75,13.507955108493055
133,Bacteroides uniformis,76,19.67818392125973
134,Bacteroides uniformis,77,9.34759535142948
135,Bacteroides uniformis,78,11.149338808196992
136,Bacteroides uniformis,79,15.95415322834759
137,Bacteroides uniformis,80,22.795411184618057
138,Bacteroides uniformis,81,38.83040840678168
139,Bacteroides uniformis,82,17.74885567647374
140,Bacteroides uniformis,83,23.543180517654363
141,Bacteroides uniformis,84,6.901523768561294
142,Bacteroides uniformis,85,54.35008256290469
143,Bacteroides uniformis,86,42.52281883113091
144,Bacteroides uniformis,87,14.561655941242634
145,Bacteroides uniformis,88,0.7538034383905496
146,Bacteroides uniformis,89,60.09725001567453
147,Bacteroides uniformis,90,44.531592010150796
148,Bacteroides uniformis,91,38.552228248054725
149,Bacteroides uniformis,107,7.0177375952563095
150,Bacteroides vulgatus,18,6.400966769440612
151,Bacteroides vulgatus,19,15.399434114625613
152,Bacteroides vulgatus,20,9.695774400648464
153,Bacteroides vulgatus,21,22.95664534470505
154,Bacteroides vulgatus,22,11.14736167372058
155,Bacteroides vulgatus,23,11.648414971275004
156,Bacteroides vulgatus,24,12.199085909864031
157,Bacteroides vulgatus,25,15.219324813474186
158,Bacteroides vulgatus,26,18.15332427074516
159,Bacteroides vulgatus,27,14.310843862448861
160,Bacteroides vulgatus,28,16.383964912863625
161,Bacteroides vulgatus,29,8.240075800116438
162,Bacteroides vulgatus,30,12.386881935649575
163,Bacteroides vulgatus,31,8.017569494877021
164,Bacteroides vulgatus,32,16.261267494789454
165,Bacteroides vulgatus,33,13.343122583225664
166,Bacteroides vulgatus,34,8.693254702172093
167,Bacteroides vulgatus,35,10.377404988539055
168,Bacteroides vulgatus,36,29.553162209659114
169,Bacteroides vulgatus,37,15.670150737352062
170,Bacteroides vulgatus,38,7.144914897489524
171,Bacteroides vulgatus,39,12.330281143619171
172,Bacteroides vulgatus,40,8.601135464917398
173,Bacteroides vulgatus,41,8.501177694677583
174,Bacteroides vulgatus,42,13.595584207323894
175,Bacteroides vulgatus,43,13.637617075558145
176,Bacteroides vulgatus,44,13.612102881386118
177,Bacteroides vulgatus,45,11.831631690550033
178,Bacteroides vulgatus,46,11.92370598914394
179,Bacteroides vulgatus,47,13.846950449927375
180,Bacteroides vulgatus,48,7.381954334215518
181,Bacteroides vulgatus,49,8.949834839963309
182,Bacteroides vulgatus,50,6.611776832520472
183,Bacteroides vulgatus,51,18.094727241283486
184,Bacteroides vulgatus,52,10.104025886266763
185,Bacteroides vulgatus,53,14.233700090218793
186,Bacteroides vulgatus,54,14.085523449712436
187,Bacteroides vulgatus,55,10.322751383631156
188,Bacteroides vulgatus,56,14.786292577583913
189,Bacteroides vulgatus,57,17.218587602306552
190,Bacteroides vulgatus,58,10.897974566554046
191,Bacteroides vulgatus,59,18.22444889337945
192,Bacteroides vulgatus,60,15.915159986629797
193,Bacteroides vulgatus,61,16.763929765828458
194,Bacteroides vulgatus,62,24.88944163012623
195,Bacteroides vulgatus,63,9.976733732725842
196,Bacteroides vulgatus,64,18.95175985797716
197,Bacteroides vulgatus,65,13.666153576572345
198,Bacteroides vulgatus,66,15.251823077106888
199,Bacteroides vulgatus,67,22.50220337318226
200,Bacteroides vulgatus,68,7.640013996761416
201,Bacteroides vulgatus,69,10.907695889218413
202,Bacteroides vulgatus,70,9.42981781565865
203,Bacteroides vulgatus,71,11.567953998862468
204,Bacteroides vulgatus,72,15.74466890818566
205,Bacteroides vulgatus,73,8.163985692172531
206,Bacteroides vulgatus,74,21.8242163997911
207,Bacteroides vulgatus,75,8.423645901329918
208,Bacteroides vulgatus,76,30.160162930477792
209,Bacteroides vulgatus,77,13.39400136570312
210,Bacteroides vulgatus,78,21.889210522959992
211,Bacteroides vulgatus,79,20.945669437692604
212,Bacteroides vulgatus,80,11.46531310063608
213,Bacteroides vulgatus,81,12.135422975207723
214,Bacteroides vulgatus,82,0.46577760345165714
215,Bacteroides vulgatus,83,10.54574837316433
216,Bacteroides vulgatus,84,21.092444377654157
217,Bacteroides vulgatus,85,21.49844540864676
218,Bacteroides vulgatus,86,35.68592725220404
219,Bacteroides vulgatus,87,36.95949943652912
220,Bacteroides vulgatus,88,0.5666220425863897
221,Bacteroides vulgatus,89,10.05921262200275
222,Bacteroides vulgatus,90,38.709776189012956
223,Bacteroides vulgatus,91,61.44777175194527
224,Bacteroides vulgatus,107,20.958361382374537
225,Eubacterium rectale,18,10.895702755492652
226,Eubacterium rectale,19,4.197780996740801
227,Eubacterium rectale,20,6.50131525619745
228,Eubacterium rectale,21,4.235044970049195
229,Eubacterium rectale,22,9.946019012909602
230,Eubacterium rectale,23,8.09093641256697
231,Eubacterium rectale,24,6.67168407542287
232,Eubacterium rectale,25,10.438723498559504
233,Eubacterium rectale,26,9.67834573667627
234,Eubacterium rectale,27,5.524319279738823
235,Eubacterium rectale,28,6.921870452513551
236,Eubacterium rectale,29,10.703077948592956
237,Eubacterium rectale,30,10.026923383489944
238,Eubacterium rectale,31,6.630617703074369
239,Eubacterium rectale,32,3.5820941245818085
240,Eubacterium rectale,33,5.012175486081992
241,Eubacterium rectale,34,4.970196449214502
242,Eubacterium rectale,35,6.446546716668483
243,Eubacterium rectale,36,7.777783351475722
244,Eubacterium rectale,37,3.339875748187318
245,Eubacterium rectale,38,3.8668798649347287
246,Eubacterium rectale,39,6.304210030960795
247,Eubacterium rectale,40,9.166191917364927
248,Eubacterium rectale,41,4.436758869699479
249,Eubacterium rectale,42,3.4382753842683598
250,Eubacterium rectale,43,2.9234627398038495
251,Eubacterium rectale,44,7.804325941284504
252,Eubacterium rectale,45,6.9052135920132205
253,Eubacterium rectale,46,3.930246122046936
254,Eubacterium rectale,47,8.853235663462824
255,Eubacterium rectale,48,5.715175611773599
256,Eubacterium rectale,49,6.346684584858273
257,Eubacterium rectale,50,6.391440443874606
258,Eubacterium rectale,51,4.563370323307605
259,Eubacterium rectale,52,4.318276328100634
260,Eubacterium rectale,53,4.684987510647166
261,Eubacterium rectale,54,8.924197994574588
262,Eubacterium rectale,55,7.787417490325131
263,Eubacterium rectale,56,5.18338796685853
264,Eubacterium rectale,57,5.024795190450045
265,Eubacterium rectale,58,4.8625584464529945
266,Eubacterium rectale,59,4.707833884063496
267,Eubacterium rectale,60,10.811024339846242
268,Eubacterium rectale,61,6.283032505957179
269,Eubacterium rectale,62,3.1914733012273744
270,Eubacterium rectale,63,6.29322437064232
271,Eubacterium rectale,64,6.109111865346605
272,Eubacterium rectale,65,7.042145259431858
273,Eubacterium rectale,66,3.4431456560428284
274,Eubacterium rectale,67,3.3996427829254787
275,Eubacterium rectale,68,4.248258710546198
276,Eubacterium rectale,69,7.845384331945958
277,Eubacterium rectale,70,7.631452898307349
278,Eubacterium rectale,71,5.009539782704555
279,Eubacterium rectale,72,2.3494412106447826
280,Eubacterium rectale,73,4.426431828640757
281,Eubacterium rectale,74,1.6219447761513115
282,Eubacterium rectale,75,2.1271952245755057
283,Eubacterium rectale,76,10.570824374285937
284,Eubacterium rectale,77,3.7915444946773937
285,Eubacterium rectale,78,2.261696782667465
286,Eubacterium rectale,79,1.1894856836531276
287,Eubacterium rectale,80,0.0722090664854343
288,Eubacterium rectale,81,0.263435846132278
289,Eubacterium rectale,82,0.4017620917160967
290,Eubacterium rectale,83,0.49861830395012674
291,Eubacterium rectale,84,1.7313078603242382
292,Eubacterium rectale,85,0.4578200223759734
293,Eubacterium rectale,86,0.0
294,Eubacterium rectale,87,1.6203379183612014
295,Eubacterium rectale,88,1.9880385710549269
296,Eubacterium rectale,89,0.017277520729471457
297,Eubacterium rectale,90,0.12169068586015104
298,Eubacterium rectale,91,0.0
299,Eubacterium rectale,107,28.332859223555417
300,Alistipes putredinis,18,4.1396736439760256
301,Alistipes putredinis,19,5.3879821680548465
302,Alistipes putredinis,20,6.355823913138879
303,Alistipes putredinis,21,5.433335086953786
304,Alistipes putredinis,22,6.584108378234458
305,Alistipes putredinis,23,13.419901592355895
306,Alistipes putredinis,24,9.929095405549234
307,Alistipes putredinis,25,1.4696757036270962
308,Alistipes putredinis,26,5.303816458537209
309,Alistipes putredinis,27,6.841748344400274
310,Alistipes putredinis,28,5.04002249554058
311,Alistipes putredinis,29,6.095258273080483
312,Alistipes putredinis,30,0.6559917812829348
313,Alistipes putredinis,31,5.263032021162724
314,Alistipes putredinis,32,12.172116297765037
315,Alistipes putredinis,33,5.289859518866605
316,Alistipes putredinis,34,0.6919318805119079
317,Alistipes putredinis,35,4.034606156600283
318,Alistipes putredinis,36,0.88427832595097
319,Alistipes putredinis,37,1.2292284019916941
320,Alistipes putredinis,38,11.806598501284663
321,Alistipes putredinis,39,7.326782681652073
322,Alistipes putredinis,40,7.5836082687948325
323,Alistipes putredinis,41,4.336350554482996
324,Alistipes putredinis,42,8.363724763581843
325,Alistipes putredinis,43,4.286950626841547
326,Alistipes putredinis,44,7.142916419566384
327,Alistipes putredinis,45,4.914133067711044
328,Alistipes putredinis,46,6.864500660529725
329,Alistipes putredinis,47,1.0381231038865526
330,Alistipes putredinis,48,5.947207468211813
331,Alistipes putredinis,49,4.332509163600954
332,Alistipes putredinis,50,3.7045722960343657
333,Alistipes putredinis,51,14.432279158544938
334,Alistipes putredinis,52,3.441755899781682
335,Alistipes putredinis,53,7.686066736113838
336,Alistipes putredinis,54,5.95605489842912
337,Alistipes putredinis,55,0.6727726702642995
338,Alistipes putredinis,56,5.119892625764654
339,Alistipes putredinis,57,3.8009961292198224
340,Alistipes putredinis,58,3.5842274813856956
341,Alistipes putredinis,59,5.185751606189186
342,Alistipes putredinis,60,5.089063781944149
343,Alistipes putredinis,61,6.490331907299747
344,Alistipes putredinis,62,5.114447109240261
345,Alistipes putredinis,63,6.032420955147778
346,Alistipes putredinis,64,3.8955946535733768
347,Alistipes putredinis,65,5.094248548832258
348,Alistipes putredinis,66,0.8218002516308729
349,Alistipes putredinis,67,1.0779322570492906
350,Alistipes putredinis,68,3.11522864037686
351,Alistipes putredinis,69,7.676771933358786
352,Alistipes putredinis,70,3.9737040843166773
353,Alistipes putredinis,71,5.824699480868245
354,Alistipes putredinis,72,6.023810993920955
355,Alistipes putredinis,73,1.2156946826758137
356,Alistipes putredinis,74,2.122813661504256
357,Alistipes putredinis,75,1.715480019818956
358,Alistipes putredinis,76,0.899807690943024
359,Alistipes putredinis,77,0.2378275857088283
360,Alistipes putredinis,78,5.510399265484129
361,Alistipes putredinis,79,13.15589832852971
362,Alistipes putredinis,80,3.4035601901505412
363,Alistipes putredinis,81,3.8455983436736023
364,Alistipes putredinis,82,0.0
365,Alistipes putredinis,83,18.51185153021759
366,Alistipes putredinis,84,5.117748107920436
367,Alistipes putredinis,85,2.8538874292034966
368,Alistipes putredinis,86,0.4432399820952455
369,Alistipes putredinis,87,7.528130881639146
370,Alistipes putredinis,88,0.8952674889240324
371,Alistipes putredinis,89,1.4073598763851827
372,Alistipes putredinis,90,0.059505779441874074
373,Alistipes putredinis,91,0.0
374,Alistipes putredinis,107,5.790971182959846
375,Collinsella aerofaciens,18,12.451921910824936
376,Collinsella aerofaciens,19,7.309187988827979
377,Collinsella aerofaciens,20,8.957423904878192
378,Collinsella aerofaciens,21,7.061107483523705
379,Collinsella aerofaciens,22,6.902503207750412
380,Collinsella aerofaciens,23,1.1840709766995934
381,Collinsella aerofaciens,24,3.6334300293218393
382,Collinsella aerofaciens,25,5.291792864002365
383,Collinsella aerofaciens,26,2.7894553666566497
384,Collinsella aerofaciens,27,5.453839878239131
385,Collinsella aerofaciens,28,3.1813715265279403
386,Collinsella aerofaciens,29,1.397468745878103
387,Collinsella aerofaciens,30,5.09082213739782
388,Collinsella aerofaciens,31,4.795095474338446
389,Collinsella aerofaciens,32,3.385398235230113
390,Collinsella aerofaciens,33,5.577599832736205
391,Collinsella aerofaciens,34,9.45161903610298
392,Collinsella aerofaciens,35,7.224442879943922
393,Collinsella aerofaciens,36,3.973801390191742
394,Collinsella aerofaciens,37,4.068761662302684
395,Collinsella aerofaciens,38,4.000147392657389
396,Collinsella aerofaciens,39,4.747954051513897
397,Collinsella aerofaciens,40,6.204949192958428
398,Collinsella aerofaciens,41,5.2934810363713165
399,Collinsella aerofaciens,42,4.042802633249995
400,Collinsella aerofaciens,43,4.975152862378637
401,Collinsella aerofaciens,44,1.651002264279098
402,Collinsella aerofaciens,45,6.027995985481327
403,Collinsella aerofaciens,46,6.561674842730375
404,Collinsella aerofaciens,47,5.512649428492925
405,Collinsella aerofaciens,48,6.421177930309457
406,Collinsella aerofaciens,49,3.061707635709898
407,Collinsella aerofaciens,50,7.247929694576411
408,Collinsella aerofaciens,51,1.4523461495456542
409,Collinsella aerofaciens,52,6.153132255605226
410,Collinsella aerofaciens,53,5.203261945783135
411,Collinsella aerofaciens,54,3.913059793014325
412,Collinsella aerofaciens,55,5.486658458847761
413,Collinsella aerofaciens,56,4.016863261320325
414,Collinsella aerofaciens,57,3.302194882634134
415,Collinsella aerofaciens,58,4.6744510927539045
416,Collinsella aerofaciens,59,4.750915343279899
417,Collinsella aerofaciens,60,4.347564496034519
418,Collinsella aerofaciens,61,2.5204134920991748
419,Collinsella aerofaciens,62,3.949282925831278
420,Collinsella aerofaciens,63,4.307702484572746
421,Collinsella aerofaciens,64,5.2812228900038445
422,Collinsella aerofaciens,65,5.388032254975596
423,Collinsella aerofaciens,66,8.000604662132046
424,Collinsella aerofaciens,67,7.06522719634043
425,Collinsella aerofaciens,68,4.5741450822137155
426,Collinsella aerofaciens,69,5.5231481029434955
427,Collinsella aerofaciens,70,7.440297762574649
428,Collinsella aerofaciens,71,8.414180654442584
429,Collinsella aerofaciens,72,3.675342729751019
430,Collinsella aerofaciens,73,6.644877212065431
431,Collinsella aerofaciens,74,3.491193564445639
432,Collinsella aerofaciens,75,8.516252329906964
433,Collinsella aerofaciens,76,1.5691993272731142
434,Collinsella aerofaciens,77,8.781142339436494
435,Collinsella aerofaciens,78,2.585087797600071
436,Collinsella aerofaciens,79,3.4402628658859085
437,Collinsella aerofaciens,80,15.795379327676958
438,Collinsella aerofaciens,81,1.094812538557509
439,Collinsella aerofaciens,82,7.8474506655023
440,Collinsella aerofaciens,83,0.47848953735467753
441,Collinsella aerofaciens,84,8.229282991882389
442,Collinsella aerofaciens,85,0.7321317076417427
443,Collinsella aerofaciens,86,8.966000428157173
444,Collinsella aerofaciens,87,0.4036857929948159
445,Collinsella aerofaciens,88,78.99174773615066
446,Collinsella aerofaciens,89,1.538852232503628
447,Collinsella aerofaciens,90,0.022763466622634215
448,Collinsella aerofaciens,91,0.0
449,Collinsella aerofaciens,107,1.3789821540367941
450,Fusicatenibacter saccharivorans,18,9.728445649894207
451,Fusicatenibacter saccharivorans,19,7.752098916513699
452,Fusicatenibacter saccharivorans,20,6.236353732926838
453,Fusicatenibacter saccharivorans,21,4.107185408227369
454,Fusicatenibacter saccharivorans,22,8.92662416235922
455,Fusicatenibacter saccharivorans,23,2.552339603239852
456,Fusicatenibacter saccharivorans,24,4.087553348011644
457,Fusicatenibacter saccharivorans,25,2.8374824554923546
458,Fusicatenibacter saccharivorans,26,1.6647941632372856
459,Fusicatenibacter saccharivorans,27,3.5149762482473834
460,Fusicatenibacter saccharivorans,28,2.5811417717453304
461,Fusicatenibacter saccharivorans,29,3.058502829668392
462,Fusicatenibacter saccharivorans,30,3.121341209603855
463,Fusicatenibacter saccharivorans,31,6.211096430977609
464,Fusicatenibacter saccharivorans,32,3.821150406860481
465,Fusicatenibacter saccharivorans,33,4.312212870448963
466,Fusicatenibacter saccharivorans,34,4.546616716066092
467,Fusicatenibacter saccharivorans,35,3.6977449895248107
468,Fusicatenibacter saccharivorans,36,2.8422849709136577
469,Fusicatenibacter saccharivorans,37,4.076900551594723
470,Fusicatenibacter saccharivorans,38,4.654090648717517
471,Fusicatenibacter saccharivorans,39,4.610622631428011
472,Fusicatenibacter saccharivorans,40,3.301966026327388
473,Fusicatenibacter saccharivorans,41,5.896825832440418
474,Fusicatenibacter saccharivorans,42,5.536705707965525
475,Fusicatenibacter saccharivorans,43,4.856635597718383
476,Fusicatenibacter saccharivorans,44,3.2091863213795304
477,Fusicatenibacter saccharivorans,45,4.37223341558569
478,Fusicatenibacter saccharivorans,46,6.255887008217711
479,Fusicatenibacter saccharivorans,47,3.9226585596613033
480,Fusicatenibacter saccharivorans,48,7.461870475748074
481,Fusicatenibacter saccharivorans,49,6.302913960816628
482,Fusicatenibacter saccharivorans,50,7.49726510441754
483,Fusicatenibacter saccharivorans,51,2.8653667325573657
484,Fusicatenibacter saccharivorans,52,6.025888432616003
485,Fusicatenibacter saccharivorans,53,4.2840737156132445
486,Fusicatenibacter saccharivorans,54,5.612344824808994
487,Fusicatenibacter saccharivorans,55,4.43724662194556
488,Fusicatenibacter saccharivorans,56,5.296337402885683
489,Fusicatenibacter saccharivorans,57,5.843002098923429
490,Fusicatenibacter saccharivorans,58,4.216001843119133
491,Fusicatenibacter saccharivorans,59,4.397283774596924
492,Fusicatenibacter saccharivorans,60,3.446412835394573
493,Fusicatenibacter saccharivorans,61,4.465617834527076
494,Fusicatenibacter saccharivorans,62,3.3852855724646025
495,Fusicatenibacter saccharivorans,63,4.307810926741351
496,Fusicatenibacter saccharivorans,64,4.305346873798216
497,Fusicatenibacter saccharivorans,65,4.8200069960909175
498,Fusicatenibacter saccharivorans,66,4.087962756137268
499,Fusicatenibacter saccharivorans,67,4.081001276920744
500,Fusicatenibacter saccharivorans,68,5.53260395421454
501,Fusicatenibacter saccharivorans,69,4.150557870128881
502,Fusicatenibacter saccharivorans,70,5.90138906065299
503,Fusicatenibacter saccharivorans,71,4.243942930300295
504,Fusicatenibacter saccharivorans,72,2.4507024860653486
505,Fusicatenibacter saccharivorans,73,3.5890892356607957
506,Fusicatenibacter saccharivorans,74,1.9165106541530892
507,Fusicatenibacter saccharivorans,75,2.3536975721779623
508,Fusicatenibacter saccharivorans,76,0.6736494014291897
509,Fusicatenibacter saccharivorans,77,2.8881483167534716
510,Fusicatenibacter saccharivorans,78,1.6748492074624772
511,Fusicatenibacter saccharivorans,79,2.607120321450709
512,Fusicatenibacter saccharivorans,80,2.9586249128358704
513,Fusicatenibacter saccharivorans,81,6.031268351785026
514,Fusicatenibacter saccharivorans,82,5.948354653335651
515,Fusicatenibacter saccharivorans,83,17.947958511736513
516,Fusicatenibacter saccharivorans,84,5.517928441693375
517,Fusicatenibacter saccharivorans,85,0.0
518,Fusicatenibacter saccharivorans,86,0.0
519,Fusicatenibacter saccharivorans,87,0.47775677887769386
520,Fusicatenibacter saccharivorans,88,4.881250610799383
521,Fusicatenibacter saccharivorans,89,0.5947162688388543
522,Fusicatenibacter saccharivorans,90,0.9147304962289922
523,Fusicatenibacter saccharivorans,91,0.0
524,Fusicatenibacter saccharivorans,107,1.7629521785197055
525,Parabacteroides distasonis,18,1.3129573642691943
526,Parabacteroides distasonis,19,3.632259836915124
527,Parabacteroides distasonis,20,2.0911411880416235
528,Parabacteroides distasonis,21,2.175520902640024
529,Parabacteroides distasonis,22,2.591164875603494
530,Parabacteroides distasonis,23,2.0601026797578808
531,Parabacteroides distasonis,24,1.8843195976333822
532,Parabacteroides distasonis,25,2.5812957080593932
533,Parabacteroides distasonis,26,4.054460146684104
534,Parabacteroides distasonis,27,1.8956155372243106
535,Parabacteroides distasonis,28,2.959000400563373
536,Parabacteroides distasonis,29,2.4863429660188974
537,Parabacteroides distasonis,30,2.717756148539141
538,Parabacteroides distasonis,31,2.6498904823153
539,Parabacteroides distasonis,32,4.099292338473271
540,Parabacteroides distasonis,33,2.596736310674315
541,Parabacteroides distasonis,34,2.0049197893683304
542,Parabacteroides distasonis,35,2.1836952136628356
543,Parabacteroides distasonis,36,2.7186157609686195
544,Parabacteroides distasonis,37,2.342833352257673
545,Parabacteroides distasonis,38,4.47660532377812
546,Parabacteroides distasonis,39,2.293026539593188
547,Parabacteroides distasonis,40,2.5468164069489756
548,Parabacteroides distasonis,41,2.3682163235402913
549,Parabacteroides distasonis,42,3.156649183696293
550,Parabacteroides distasonis,43,2.369349582230099
551,Parabacteroides distasonis,44,4.067786656010234
552,Parabacteroides distasonis,45,2.7191572529222223
553,Parabacteroides distasonis,46,3.361862042186657
554,Parabacteroides distasonis,47,4.0806614037124955
555,Parabacteroides distasonis,48,2.9073634905985206
556,Parabacteroides distasonis,49,3.508972977928538
557,Parabacteroides distasonis,50,3.9817130627600603
558,Parabacteroides distasonis,51,3.3913207150223403
559,Parabacteroides distasonis,52,2.5924710642131887
560,Parabacteroides distasonis,53,2.7103156016374212
561,Parabacteroides distasonis,54,3.295287726196098
562,Parabacteroides distasonis,55,4.413697085457203
563,Parabacteroides distasonis,56,3.577041874231045
564,Parabacteroides distasonis,57,3.317124052562464
565,Parabacteroides distasonis,58,4.520036596035962
566,Parabacteroides distasonis,59,4.368746439719563
567,Parabacteroides distasonis,60,3.1071743292108547
568,Parabacteroides distasonis,61,5.5691741570896465
569,Parabacteroides distasonis,62,4.478713707051425
570,Parabacteroides distasonis,63,3.5252922380891194
571,Parabacteroides distasonis,64,4.139808206559166
572,Parabacteroides distasonis,65,3.8746227550137027
573,Parabacteroides distasonis,66,5.593436402946013
574,Parabacteroides distasonis,67,3.7664818661885966
575,Parabacteroides distasonis,68,2.7597436918572416
576,Parabacteroides distasonis,69,3.417882781236075
577,Parabacteroides distasonis,70,2.9037375380348496
578,Parabacteroides distasonis,71,3.3562851439985284
579,Parabacteroides distasonis,72,5.751236296890874
580,Parabacteroides distasonis,73,4.017487344684768
581,Parabacteroides distasonis,74,7.977329574780641
582,Parabacteroides distasonis,75,4.799411723069424
583,Parabacteroides distasonis,76,4.120877951163434
584,Parabacteroides distasonis,77,3.3458232246232984
585,Parabacteroides distasonis,78,10.207092668868514
586,Parabacteroides distasonis,79,4.373439951753676
587,Parabacteroides distasonis,80,0.7803180738585482
588,Parabacteroides distasonis,81,4.148584879841826
589,Parabacteroides distasonis,82,15.4164523565479
590,Parabacteroides distasonis,83,7.9295838233729485
591,Parabacteroides distasonis,84,0.0
592,Parabacteroides distasonis,85,17.301761870200338
593,Parabacteroides distasonis,86,3.801841075842204
594,Parabacteroides distasonis,87,5.994457528854526
595,Parabacteroides distasonis,88,0.12817838355387598
596,Parabacteroides distasonis,89,4.984675281316416
597,Parabacteroides distasonis,90,0.01915484661360173
598,Parabacteroides distasonis,91,0.0
599,Parabacteroides distasonis,107,1.323531923489872
600,Dorea longicatena,18,6.178878028109933
601,Dorea longicatena,19,5.276714618115826
602,Dorea longicatena,20,6.517165448645635
603,Dorea longicatena,21,4.102027701013903
604,Dorea longicatena,22,6.64627065110414
605,Dorea longicatena,23,1.3786508565339746
606,Dorea longicatena,24,4.0084052466269435
607,Dorea longicatena,25,3.8683607889488076
608,Dorea longicatena,26,2.0480077616402146
609,Dorea longicatena,27,3.591590327861071
610,Dorea longicatena,28,2.550622657611843
611,Dorea longicatena,29,1.3877311102409533
612,Dorea longicatena,30,2.15697041084729
613,Dorea longicatena,31,4.73647215975874
614,Dorea longicatena,32,2.9128316074026093
615,Dorea longicatena,33,3.088982747512348
616,Dorea longicatena,34,4.391534815486046
617,Dorea longicatena,35,3.6706062466570972
618,Dorea longicatena,36,2.221263546176137
619,Dorea longicatena,37,3.0803988511075575
620,Dorea longicatena,38,3.295175012031484
621,Dorea longicatena,39,3.4955915692465043
622,Dorea longicatena,40,3.80505520149521
623,Dorea longicatena,41,5.2798784838642705
624,Dorea longicatena,42,3.1500148797958913
625,Dorea longicatena,43,3.383315258413274
626,Dorea longicatena,44,3.6154415280404826
627,Dorea longicatena,45,3.970117492585968
628,Dorea longicatena,46,4.300067372416515
629,Dorea longicatena,47,4.117972918693259
630,Dorea longicatena,48,4.378248344121248
631,Dorea longicatena,49,3.681707624529663
632,Dorea longicatena,50,3.7294988154637103
633,Dorea longicatena,51,1.1497379526610847
634,Dorea longicatena,52,3.6115045742800707
635,Dorea longicatena,53,3.982816807778865
636,Dorea longicatena,54,3.0194410581383
637,Dorea longicatena,55,4.3760331687934135
638,Dorea longicatena,56,3.423655025854133
639,Dorea longicatena,57,3.3555273778386288
640,Dorea longicatena,58,3.2011543465783108
641,Dorea longicatena,59,3.1328264191814967
642,Dorea longicatena,60,3.0148591570694947
643,Dorea longicatena,61,2.4326726543937864
644,Dorea longicatena,62,1.8205234857472756
645,Dorea longicatena,63,3.416090974304086
646,Dorea longicatena,64,3.1590971085651938
647,Dorea longicatena,65,3.9460167554423276
648,Dorea longicatena,66,2.8619635311852933
649,Dorea longicatena,67,2.7287749512384667
650,Dorea longicatena,68,4.701427592000447
651,Dorea longicatena,69,3.2695696503849394
652,Dorea longicatena,70,4.40472909644828
653,Dorea longicatena,71,4.128840676752966
654,Dorea longicatena,72,2.325529179974516
655,Dorea longicatena,73,4.949483328452494
656,Dorea longicatena,74,1.1804013670055675
657,Dorea longicatena,75,9.199888321759172
658,Dorea longicatena,76,0.8792994557156948
659,Dorea longicatena,77,4.681642250531313
660,Dorea longicatena,78,1.6035654624517015
661,Dorea longicatena,79,2.658413949952416
662,Dorea longicatena,80,3.7001837083603224
663,Dorea longicatena,81,3.9045712475664858
664,Dorea longicatena,82,5.97471942334235
665,Dorea longicatena,83,0.22946793918812053
666,Dorea longicatena,84,3.991568877914554
667,Dorea longicatena,85,0.10934434594649417
668,Dorea longicatena,86,0.0
669,Dorea longicatena,87,1.464873093222948
670,Dorea longicatena,88,0.0
671,Dorea longicatena,89,0.527659273393392
672,Dorea longicatena,90,0.3251220825309622
673,Dorea longicatena,91,0.0
674,Dorea longicatena,107,0.4412754672042659
675,Roseburia faecis,18,3.6021292897183725
676,Roseburia faecis,19,0.5780345317033166
677,Roseburia faecis,20,6.978989459880168
678,Roseburia faecis,21,1.8761675759704486
679,Roseburia faecis,22,5.103063166390082
680,Roseburia faecis,23,3.4753148821070465
681,Roseburia faecis,24,5.605819498502601
682,Roseburia faecis,25,3.924207726970526
683,Roseburia faecis,26,1.6831956026645285
684,Roseburia faecis,27,4.785687379579183
685,Roseburia faecis,28,3.9903126424815
686,Roseburia faecis,29,7.045356431398504
687,Roseburia faecis,30,4.9818887107773255
688,Roseburia faecis,31,4.512186941292104
689,Roseburia faecis,32,1.0581119096086256
690,Roseburia faecis,33,6.238303181534621
691,Roseburia faecis,34,3.700331360998468
692,Roseburia faecis,35,4.296501110193641
693,Roseburia faecis,36,2.688417465516925
694,Roseburia faecis,37,5.898617327922963
695,Roseburia faecis,38,2.792923365867657
696,Roseburia faecis,39,4.414487556298639
697,Roseburia faecis,40,3.7858395421514506
698,Roseburia faecis,41,3.3826207107214366
699,Roseburia faecis,42,2.9092370360963002
700,Roseburia faecis,43,2.8992061141079244
701,Roseburia faecis,44,3.879724456320863
702,Roseburia faecis,45,4.347029482564765
703,Roseburia faecis,46,3.457966020821362
704,Roseburia faecis,47,2.397645567258765
705,Roseburia faecis,48,5.036856163169508
706,Roseburia faecis,49,4.782904971906863
707,Roseburia faecis,50,2.561814257407389
708,Roseburia faecis,51,3.323672590207474
709,Roseburia faecis,52,5.845093911355996
710,Roseburia faecis,53,3.113222534415333
711,Roseburia faecis,54,4.179708521410606
712,Roseburia faecis,55,3.603922877185716
713,Roseburia faecis,56,2.5337910504263133
714,Roseburia faecis,57,3.5328603798491556
715,Roseburia faecis,58,2.6683277822242877
716,Roseburia faecis,59,5.4654505428153675
717,Roseburia faecis,60,3.515208605548635
718,Roseburia faecis,61,1.5312626449522215
719,Roseburia faecis,62,1.422174976612903
720,Roseburia faecis,63,1.9086906096130734
721,Roseburia faecis,64,4.4158550436890165
722,Roseburia faecis,65,2.7382465346876486
723,Roseburia faecis,66,3.1578531793072564
724,Roseburia faecis,67,0.6313775041444799
725,Roseburia faecis,68,5.084138053630378
726,Roseburia faecis,69,4.027477499931906
727,Roseburia faecis,70,3.275250212342281
728,Roseburia faecis,71,2.8715207485835887
729,Roseburia faecis,72,5.211737476588476
730,Roseburia faecis,73,2.1955926034388984
731,Roseburia faecis,74,2.0445528981678587
732,Roseburia faecis,75,1.253037726797273
733,Roseburia faecis,76,1.036765801630724
734,Roseburia faecis,77,2.688124110636894
735,Roseburia faecis,78,0.27557097132072583
736,Roseburia faecis,79,0.6016431511040098
737,Roseburia faecis,80,0.138754676775936
738,Roseburia faecis,81,5.759074852859074
739,Roseburia faecis,82,0.08704999500456989
740,Roseburia faecis,83,0.2058885268905944
741,Roseburia faecis,84,2.2913530474075725
742,Roseburia faecis,85,0.0
743,Roseburia faecis,86,1.7710137594145925
744,Roseburia faecis,87,0.3933171510514559
745,Roseburia faecis,88,0.1975202419123502
746,Roseburia faecis,89,5.291438135657597
747,Roseburia faecis,90,0.05412930013548729
748,Roseburia faecis,91,0.0
749,Roseburia faecis,107,10.550120471000088
750,Anaerostipes hadrus,18,3.320801665308871
751,Anaerostipes hadrus,19,4.1144539070857435
752,Anaerostipes hadrus,20,3.6703779522274167
753,Anaerostipes hadrus,21,3.1027735054769696
754,Anaerostipes hadrus,22,2.1967693331311073
755,Anaerostipes hadrus,23,1.7430720968875664
756,Anaerostipes hadrus,24,3.913317959366814
757,Anaerostipes hadrus,25,2.7597695205732435
758,Anaerostipes hadrus,26,1.884568205152577
759,Anaerostipes hadrus,27,2.070051361967938
760,Anaerostipes hadrus,28,2.41574786289288
761,Anaerostipes hadrus,29,1.8307050077709281
762,Anaerostipes hadrus,30,1.7155686236305832
763,Anaerostipes hadrus,31,2.557959791989313
764,Anaerostipes hadrus,32,2.4747554241902123
765,Anaerostipes hadrus,33,2.4467727291837815
766,Anaerostipes hadrus,34,6.659125029228094
767,Anaerostipes hadrus,35,2.1785838809254194
768,Anaerostipes hadrus,36,2.125184141045771
769,Anaerostipes hadrus,37,3.0555553184084308
770,Anaerostipes hadrus,38,3.2775325575864227
771,Anaerostipes hadrus,39,3.050548232822446
772,Anaerostipes hadrus,40,1.8550526705736357
773,Anaerostipes hadrus,41,3.6854564849572475
774,Anaerostipes hadrus,42,3.5584984485206452
775,Anaerostipes hadrus,43,3.494337032123019
776,Anaerostipes hadrus,44,3.0389344929438367
777,Anaerostipes hadrus,45,2.754623865257057
778,Anaerostipes hadrus,46,3.1054321770876694
779,Anaerostipes hadrus,47,4.101791904543439
780,Anaerostipes hadrus,48,3.8143785896048916
781,Anaerostipes hadrus,49,3.2941447426896633
782,Anaerostipes hadrus,50,2.856087617769027
783,Anaerostipes hadrus,51,1.923896368981806
784,Anaerostipes hadrus,52,4.109813043628929
785,Anaerostipes hadrus,53,2.6930808223217353
786,Anaerostipes hadrus,54,2.7772744079455554
787,Anaerostipes hadrus,55,4.144986902008615
788,Anaerostipes hadrus,56,3.749666606440734
789,Anaerostipes hadrus,57,2.44470068487567
790,Anaerostipes hadrus,58,2.7582197919565963
791,Anaerostipes hadrus,59,3.5305861833022436
792,Anaerostipes hadrus,60,3.1720805858579717
793,Anaerostipes hadrus,61,3.280476712537222
794,Anaerostipes hadrus,62,2.9980774947148032
795,Anaerostipes hadrus,63,3.3162699581033683
796,Anaerostipes hadrus,64,3.28936483235402
797,Anaerostipes hadrus,65,4.508830773419805
798,Anaerostipes hadrus,66,2.561294766555742
799,Anaerostipes hadrus,67,3.686899835557198
800,Anaerostipes hadrus,68,3.68825881409807
801,Anaerostipes hadrus,69,2.7044277585034653
802,Anaerostipes hadrus,70,4.278987310940037
803,Anaerostipes hadrus,71,4.830318260216302
804,Anaerostipes hadrus,72,2.1493884470090316
805,Anaerostipes hadrus,73,2.7275342007279413
806,Anaerostipes hadrus,74,0.8770550131172675
807,Anaerostipes hadrus,75,0.6740017774142557
808,Anaerostipes hadrus,76,2.847593298277734
809,Anaerostipes hadrus,77,2.9798426801649796
810,Anaerostipes hadrus,78,0.9240107626978155
811,Anaerostipes hadrus,79,1.7764507202247668
812,Anaerostipes hadrus,80,0.8820833023613058
813,Anaerostipes hadrus,81,1.8027345770848247
814,Anaerostipes hadrus,82,10.228050635159686
815,Anaerostipes hadrus,83,1.9887221396303785
816,Anaerostipes hadrus,84,2.01541128277942
817,Anaerostipes hadrus,85,0.05047271620863456
818,Anaerostipes hadrus,86,1.1599167039682385
819,Anaerostipes hadrus,87,0.5713553737538999
820,Anaerostipes hadrus,88,5.214624289495683
821,Anaerostipes hadrus,89,0.5886833502660404
822,Anaerostipes hadrus,90,0.0059050145602349766
823,Anaerostipes hadrus,91,0.0
824,Anaerostipes hadrus,107,1.2588350798830803
825,Ruminococcus torques,18,5.175041482912464
826,Ruminococcus torques,19,2.533294414405415
827,Ruminococcus torques,20,3.6810652155393844
828,Ruminococcus torques,21,2.3770841005422816
829,Ruminococcus torques,22,1.9288017792912722
830,Ruminococcus torques,23,0.8730511585624833
831,Ruminococcus torques,24,2.456878110880385
832,Ruminococcus torques,25,2.534534978207875
833,Ruminococcus torques,26,0.9803475524781521
834,Ruminococcus torques,27,2.327069392092261
835,Ruminococcus torques,28,2.0149998984747213
836,Ruminococcus torques,29,0.6152415243471874
837,Ruminococcus torques,30,1.925110483292446
838,Ruminococcus torques,31,2.8793088865361782
839,Ruminococcus torques,32,1.3431730575224554
840,Ruminococcus torques,33,2.756670950528778
841,Ruminococcus torques,34,4.259981075491888
842,Ruminococcus torques,35,2.367459795412822
843,Ruminococcus torques,36,2.395898650106096
844,Ruminococcus torques,37,1.7056664597795153
845,Ruminococcus torques,38,1.4593547998083898
846,Ruminococcus torques,39,4.081258066410472
847,Ruminococcus torques,40,2.796684460496183
848,Ruminococcus torques,41,2.58985440495992
849,Ruminococcus torques,42,2.536720872088726
850,Ruminococcus torques,43,2.2388561272319483
851,Ruminococcus torques,44,1.623999443346103
852,Ruminococcus torques,45,2.6955832748511535
853,Ruminococcus torques,46,2.3107500203302047
854,Ruminococcus torques,47,2.8476046705386877
855,Ruminococcus torques,48,2.98086189227569
856,Ruminococcus torques,49,2.3703777410444915
857,Ruminococcus torques,50,3.7770347412486847
858,Ruminococcus torques,51,1.036498659390418
859,Ruminococcus torques,52,3.2979433066500334
860,Ruminococcus torques,53,2.479639218619658
861,Ruminococcus torques,54,1.9959071456550945
862,Ruminococcus torques,55,3.3963110840074107
863,Ruminococcus torques,56,2.9619458138674517
864,Ruminococcus torques,57,1.8188541665643556
865,Ruminococcus torques,58,2.14568897897326
866,Ruminococcus torques,59,2.0444962058566545
867,Ruminococcus torques,60,2.081983651888541
868,Ruminococcus torques,61,0.6219327885124172
869,Ruminococcus torques,62,1.439250030323838
870,Ruminococcus torques,63,2.0328026715812655
871,Ruminococcus torques,64,2.19769838927495
872,Ruminococcus torques,65,1.7667409485630974
873,Ruminococcus torques,66,0.6193631099996779
874,Ruminococcus torques,67,1.441630823570447
875,Ruminococcus torques,68,2.7395510767453133
876,Ruminococcus torques,69,1.248893176002873
877,Ruminococcus torques,70,2.125243338290602
878,Ruminococcus torques,71,1.969519559927374
879,Ruminococcus torques,72,1.2353800759272457
880,Ruminococcus torques,73,1.2777161862527717
881,Ruminococcus torques,74,0.1937812852173435
882,Ruminococcus torques,75,0.42764115107234724
883,Ruminococcus torques,76,0.0
884,Ruminococcus torques,77,0.20286319509781262
885,Ruminococcus torques,78,0.5192619135668651
886,Ruminococcus torques,79,0.7253700839285018
887,Ruminococcus torques,80,0.8852689964709592
888,Ruminococcus torques,81,0.4265118162983446
889,Ruminococcus torques,82,0.0907503136020002
890,Ruminococcus torques,83,0.0
891,Ruminococcus torques,84,4.3355244577679555
892,Ruminococcus torques,85,0.0
893,Ruminococcus torques,86,0.0
894,Ruminococcus torques,87,2.2900225798779656
895,Ruminococcus torques,88,5.281718572613246
896,Ruminococcus torques,89,2.1582371369726783
897,Ruminococcus torques,90,1.3169822751146287
898,Ruminococcus torques,91,0.0
899,Ruminococcus torques,107,0.1560145095260725
900,Eubacterium eligens,18,0.5201950089243549
901,Eubacterium eligens,19,0.5253274809255627
902,Eubacterium eligens,20,1.9586604264063172
903,Eubacterium eligens,21,0.3468042330334642
904,Eubacterium eligens,22,1.3753748833419495
905,Eubacterium eligens,23,1.490073544935434
906,Eubacterium eligens,24,2.4756868719543363
907,Eubacterium eligens,25,4.4133116643273995
908,Eubacterium eligens,26,1.5493722211290835
909,Eubacterium eligens,27,1.5126839327783625
910,Eubacterium eligens,28,1.848929154429794
911,Eubacterium eligens,29,2.8595304748159656
912,Eubacterium eligens,30,4.266647773064219
913,Eubacterium eligens,31,1.573496428644343
914,Eubacterium eligens,32,2.0216259841396766
915,Eubacterium eligens,33,1.1909023040814863
916,Eubacterium eligens,34,2.4491139790053045
917,Eubacterium eligens,35,2.090839335599763
918,Eubacterium eligens,36,2.164645922477665
919,Eubacterium eligens,37,3.3306270103554554
920,Eubacterium eligens,38,2.242545783844201
921,Eubacterium eligens,39,2.4086324713625142
922,Eubacterium eligens,40,2.6943191611397457
923,Eubacterium eligens,41,2.3518097360866173
924,Eubacterium eligens,42,1.9804818779250177
925,Eubacterium eligens,43,0.8650239095097865
926,Eubacterium eligens,44,1.8577047091515302
927,Eubacterium eligens,45,2.0366287098453806
928,Eubacterium eligens,46,1.091449304006854
929,Eubacterium eligens,47,1.3092026821141407
930,Eubacterium eligens,48,1.6386119752988326
931,Eubacterium eligens,49,2.0362004862284655
932,Eubacterium eligens,50,2.600924317469768
933,Eubacterium eligens,51,2.012659062874805
934,Eubacterium eligens,52,2.6929666112208475
935,Eubacterium eligens,53,3.103198223997027
936,Eubacterium eligens,54,3.037745415673655
937,Eubacterium eligens,55,2.8551319963026462
938,Eubacterium eligens,56,1.4832098701700955
939,Eubacterium eligens,57,2.132268516836076
940,Eubacterium eligens,58,1.3724179352537818
941,Eubacterium eligens,59,2.098706123847626
942,Eubacterium eligens,60,3.498556625847033
943,Eubacterium eligens,61,1.3253120385132824
944,Eubacterium eligens,62,3.4241729661294453
945,Eubacterium eligens,63,2.6893115603147213
946,Eubacterium eligens,64,3.029108869272803
947,Eubacterium eligens,65,1.6070815552687923
948,Eubacterium eligens,66,2.166965707761181
949,Eubacterium eligens,67,2.5017222727451927
950,Eubacterium eligens,68,1.475873060937257
951,Eubacterium eligens,69,2.4065167330204322
952,Eubacterium eligens,70,2.4218005997688556
953,Eubacterium eligens,71,2.5237997519017434
954,Eubacterium eligens,72,2.213827440458482
955,Eubacterium eligens,73,2.3213090407061876
956,Eubacterium eligens,74,1.8612318320501116
957,Eubacterium eligens,75,0.31360351078638793
958,Eubacterium eligens,76,1.8006088604091703
959,Eubacterium eligens,77,2.7095410450567474
960,Eubacterium eligens,78,0.7004679988268137
961,Eubacterium eligens,79,2.2074607898899696
962,Eubacterium eligens,80,3.720359771054783
963,Eubacterium eligens,81,0.7983589288684373
964,Eubacterium eligens,82,2.000207217841456
965,Eubacterium eligens,83,0.05923608455232186
966,Eubacterium eligens,84,0.8107246774849657
967,Eubacterium eligens,85,0.0
968,Eubacterium eligens,86,0.0
969,Eubacterium eligens,87,7.812966116358197
970,Eubacterium eligens,88,0.1801556420881271
971,Eubacterium eligens,89,0.4694147610987935
972,Eubacterium eligens,90,0.011409071341688566
973,Eubacterium eligens,91,0.0
974,Eubacterium eligens,107,3.380608851187836
975,Coprococcus comes,18,4.011722222142958
976,Coprococcus comes,19,3.0678833514400012
977,Coprococcus comes,20,3.256878957707866
978,Coprococcus comes,21,2.0010872446805985
979,Coprococcus comes,22,1.9669958739307034
980,Coprococcus comes,23,0.6349553290893691
981,Coprococcus comes,24,1.7281625327392438
982,Coprococcus comes,25,1.8366698677698161
983,Coprococcus comes,26,0.8165312736085395
984,Coprococcus comes,27,1.7155169326831496
985,Coprococcus comes,28,1.3382877669422617
986,Coprococcus comes,29,1.0964577727430596
987,Coprococcus comes,30,1.49531054882963
988,Coprococcus comes,31,2.474020538576182
989,Coprococcus comes,32,1.54367187491747
990,Coprococcus comes,33,1.389613282017892
991,Coprococcus comes,34,2.705010041352746
992,Coprococcus comes,35,2.4987115182057758
993,Coprococcus comes,36,0.8046190349587911
994,Coprococcus comes,37,1.2567469542483432
995,Coprococcus comes,38,1.810193988836123
996,Coprococcus comes,39,2.2430184155772532
997,Coprococcus comes,40,2.430748665946402
998,Coprococcus comes,41,3.710692799476899
999,Coprococcus comes,42,2.364987176838318
1000,Coprococcus comes,43,2.058300537103095
1001,Coprococcus comes,44,0.6895613988610299
1002,Coprococcus comes,45,2.5871610863347896
1003,Coprococcus comes,46,2.9530229534753336
1004,Coprococcus comes,47,2.6381398559953197
1005,Coprococcus comes,48,3.441029120239922
1006,Coprococcus comes,49,2.185624340715457
1007,Coprococcus comes,50,2.635610798027785
1008,Coprococcus comes,51,0.8661812608072078
1009,Coprococcus comes,52,2.9452342585854385
1010,Coprococcus comes,53,2.608900063487299
1011,Coprococcus comes,54,2.0734260998173224
1012,Coprococcus comes,55,2.3019863688839286
1013,Coprococcus comes,56,2.6009687771554435
1014,Coprococcus comes,57,2.000754315954273
1015,Coprococcus comes,58,1.7256602401648156
1016,Coprococcus comes,59,2.515196957192896
1017,Coprococcus comes,60,2.0341547904828468
1018,Coprococcus comes,61,1.6851290174202054
1019,Coprococcus comes,62,1.0044087996914
1020,Coprococcus comes,63,1.7731921199413765
1021,Coprococcus comes,64,1.9231887168754975
1022,Coprococcus comes,65,2.299264628767483
1023,Coprococcus comes,66,1.3285424421908711
1024,Coprococcus comes,67,1.3696662165259337
1025,Coprococcus comes,68,3.0080524524750842
1026,Coprococcus comes,69,1.8360302238109891
1027,Coprococcus comes,70,3.1671486873072356
1028,Coprococcus comes,71,2.491491593133061
1029,Coprococcus comes,72,0.9818526771931987
1030,Coprococcus comes,73,2.769317658871272
1031,Coprococcus comes,74,1.5540678799502796
1032,Coprococcus comes,75,1.4288129861345966
1033,Coprococcus comes,76,0.0
1034,Coprococcus comes,77,0.848608671268485
1035,Coprococcus comes,78,0.21512643619530977
1036,Coprococcus comes,79,1.2382265965839883
1037,Coprococcus comes,80,2.811906000785805
1038,Coprococcus comes,81,1.9464236465100575
1039,Coprococcus comes,82,1.972824860220464
1040,Coprococcus comes,83,0.004025753319089834
1041,Coprococcus comes,84,0.42583125837217545
1042,Coprococcus comes,85,0.0
1043,Coprococcus comes,86,0.0
1044,Coprococcus comes,87,6.825525781952213
1045,Coprococcus comes,88,0.0
1046,Coprococcus comes,89,0.4213883072246411
1047,Coprococcus comes,90,0.9375304135587884
1048,Coprococcus comes,91,0.0
1049,Coprococcus comes,107,0.8416479231341423
1050,Ruminococcus bromii,18,0.6303690588122831
1051,Ruminococcus bromii,19,2.170796859846073
1052,Ruminococcus bromii,20,1.5846578397788198
1053,Ruminococcus bromii,21,0.400392810981377
1054,Ruminococcus bromii,22,0.19766827819914287
1055,Ruminococcus bromii,23,1.15451391044954
1056,Ruminococcus bromii,24,1.1035342731626885
1057,Ruminococcus bromii,25,0.8220432887641272
1058,Ruminococcus bromii,26,0.060565367563681305
1059,Ruminococcus bromii,27,3.5829018470932867
1060,Ruminococcus bromii,28,1.6175130490748586
1061,Ruminococcus bromii,29,0.5481698703979709
1062,Ruminococcus bromii,30,0.023115141746300253
1063,Ruminococcus bromii,31,3.7123432701309835
1064,Ruminococcus bromii,32,0.39085649334117845
1065,Ruminococcus bromii,33,0.9042130704382833
1066,Ruminococcus bromii,34,1.3663815364398761
1067,Ruminococcus bromii,35,5.136767702705416
1068,Ruminococcus bromii,36,0.4259197019632237
1069,Ruminococcus bromii,37,0.06562335212392283
1070,Ruminococcus bromii,38,0.4140952044905629
1071,Ruminococcus bromii,39,2.181344362683458
1072,Ruminococcus bromii,40,3.5893948905045945
1073,Ruminococcus bromii,41,2.8269445087450094
1074,Ruminococcus bromii,42,7.274893329870859
1075,Ruminococcus bromii,43,2.3170194387675087
1076,Ruminococcus bromii,44,2.0864945678367675
1077,Ruminococcus bromii,45,1.4147103434224526
1078,Ruminococcus bromii,46,1.6248546592253623
1079,Ruminococcus bromii,47,2.069773802113177
1080,Ruminococcus bromii,48,5.102969070568653
1081,Ruminococcus bromii,49,6.79741580024496
1082,Ruminococcus bromii,50,0.5646734345092566
1083,Ruminococcus bromii,51,1.4666347783186735
1084,Ruminococcus bromii,52,2.907006965381017
1085,Ruminococcus bromii,53,4.717112201344429
1086,Ruminococcus bromii,54,0.8792955751046093
1087,Ruminococcus bromii,55,3.5808719465187724
1088,Ruminococcus bromii,56,0.06170577050477938
1089,Ruminococcus bromii,57,2.4280526960411173
1090,Ruminococcus bromii,58,5.597009459302892
1091,Ruminococcus bromii,59,4.598973317040976
1092,Ruminococcus bromii,60,1.1483788629250358
1093,Ruminococcus bromii,61,2.4755919999169977
1094,Ruminococcus bromii,62,2.750697448268574
1095,Ruminococcus bromii,63,2.0795412462499345
1096,Ruminococcus bromii,64,1.5959123715489254
1097,Ruminococcus bromii,65,4.2574535401588
1098,Ruminococcus bromii,66,0.14139951232232856
1099,Ruminococcus bromii,67,2.443455664256042
1100,Ruminococcus bromii,68,6.022878923267631
1101,Ruminococcus bromii,69,8.260722766990614
1102,Ruminococcus bromii,70,2.91616733011205
1103,Ruminococcus bromii,71,0.6921756740156485
1104,Ruminococcus bromii,72,3.234822502755122
1105,Ruminococcus bromii,73,6.598178052964064
1106,Ruminococcus bromii,74,5.2525570272820845
1107,Ruminococcus bromii,75,0.41997310284622236
1108,Ruminococcus bromii,76,0.27207118983245693
1109,Ruminococcus bromii,77,0.44726528160529333
1110,Ruminococcus bromii,78,0.477945395886201
1111,Ruminococcus bromii,79,7.999731964865063
1112,Ruminococcus bromii,80,0.0
1113,Ruminococcus bromii,81,2.084215425546003
1114,Ruminococcus bromii,82,0.2480138539928288
1115,Ruminococcus bromii,83,0.08856657301997636
1116,Ruminococcus bromii,84,0.2803464688522636
1117,Ruminococcus bromii,85,2.058209224859516
1118,Ruminococcus bromii,86,0.0
1119,Ruminococcus bromii,87,0.0
1120,Ruminococcus bromii,88,0.0
1121,Ruminococcus bromii,89,0.16170432792418485
1122,Ruminococcus bromii,90,0.10614445925558179
1123,Ruminococcus bromii,91,0.0
1124,Ruminococcus bromii,107,7.016618578389192
